siteName,serviceArea,contactNo,created_at,removed_at
"Aristo 1 Construction","Lyneham, Australian Capital Territory",0416353546,11/06/2019,
"Thompson Constructions","Dickson, Australian Capital Territory",0418481771,11/06/2019,
"Dalmo Homes Pty Ltd","Lyneham, Australian Capital Territory",0419414084,11/06/2019,
"Gantt Projects Pty Ltd","Dickson, Australian Capital Territory",0427239694,11/06/2019,
"Labarum Construction","DIXON, Australian Capital Territory",0416073420,11/06/2019,
"May Built","DOWNER, Australian Capital Territory",0402005091,11/06/2019,
"CBR Living","Reid, Australian Capital Territory",0411138768,11/06/2019,
"Ganes Building Services","Braddon, Australian Capital Territory",0414798470,11/06/2019,
"Gordon Home Repairs","Canberra, Australian Capital Territory",0416294069,11/06/2019,
"Rez Built pty Ltd","hackett, Australian Capital Territory",0421354342,11/06/2019,
"Montagnat Homes",,0418816275,11/06/2019,
"Delarue Builders",,0417193926,11/06/2019,
"Eco Leap Homes",,0400008493,11/06/2019,
"Bellevue Building Projects Pty Ltd","Bruce, Australian Capital Territory",0418626088,11/06/2019,
"A&J Jackson Construction","Mckellar, Australian Capital Territory",0418979415,11/06/2019,
"Delarue Builders","Belconnen, Australian Capital Territory",0417193926,11/06/2019,
"Shade Haven Constructions","Page, Australian Capital Territory",0424635461,11/06/2019,
"Carpentry and Building","Gungahlin, Australian Capital Territory",0401588818,11/06/2019,
"Chandrasiri Galappaththi","Gungahlin, Australian Capital Territory",0431476469,11/06/2019,
"Capital Building Consultants","Gungahlin, Australian Capital Territory",0414216196,11/06/2019,
"Abode Constructions & Developments Pty Ltd","Canberra, Australian Capital Territory",0488855500,11/06/2019,
"Gregory & McGufficke Constructions","Canberra, Australian Capital Territory",0413517189,11/06/2019,
"Montagnat Homes","Canberra, Australian Capital Territory",0418816275,11/06/2019,
"J & J Building (Aust)","Canberra, Australian Capital Territory",0428099056,11/06/2019,
"Evagreen Homes","Canberra, Australian Capital Territory",0481068293,11/06/2019,
"Eco Leap Homes","Canberra, Australian Capital Territory",0400008493,11/06/2019,
"Canberra Building Solutions","Canberra, Australian Capital Territory",0401766605,11/06/2019,
"Calibre Building and Construction Services Pty Ltd","CANBERRA, Australian Capital Territory",0408695918,11/06/2019,
"AES HOMES PTY LTD","Symonston, Australian Capital Territory",0419569762,11/06/2019,
"Griffin Concepts","Fyshwick, Australian Capital Territory",0418492033,11/06/2019,
"B&J Nuss Constructions Pty Ltd","Casey, Australian Capital Territory",0404363325,11/06/2019,
"Relax Constructions","Ngunnawal, Australian Capital Territory",0407772063,11/06/2019,
"Bellevarde Constructions Pty Ltd","Manuka, Australian Capital Territory",0262952928,11/06/2019,
"BGT Building","Kingston, Australian Capital Territory",0402666009,11/06/2019,
"Elite Carpentry and Patios","Latham, Australian Capital Territory",0431568902,11/06/2019,
"Kevin Graham","Macgregor, Australian Capital Territory",0412631506,11/06/2019,
"Aztec Building Solutions","Lyons, Australian Capital Territory",0439299277,11/06/2019,
Refurb,"Mawson, Australian Capital Territory",0418626240,11/06/2019,
"GJ Building Services","Mawson, Australian Capital Territory",0407355785,11/06/2019,
"Adam Lee's Property Maintenance Service","FARRER, Australian Capital Territory",0423962893,11/06/2019,
"LFX Group","Hume, New South Wales",0405158425,11/06/2019,
"Hamson Constructions","Googong, New South Wales",0409994081,11/06/2019,
"John Atkinson Electrical","Beard, New South Wales",0448972658,11/06/2019,
"NDA Projects","Queanbeyan, New South Wales",0420716784,11/06/2019,
"Lg Building Solutions","Jerrabomberra, New South Wales",0418621803,11/06/2019,
"ICANDY BUILDING INNOVATIONS","Hume, New South Wales",0404701056,11/06/2019,
"Pichelmann Custom Building Services Pty Ltd","Jerrabomberra, New South Wales",0409498797,11/06/2019,
"Neighbourhood Creations","GOOGONG, New South Wales",0401536968,11/06/2019,
Reliabuilt,"Oxley, Australian Capital Territory",0410697709,11/06/2019,
"A Harris Carpentry","Monash, Australian Capital Territory",0432717954,11/06/2019,
